<?xml version="1.0" encoding="utf-8" ?><dwsync><file name="Thumbs.db" server="entrepreneurialdesigns.com//localtrove/" local="3437173320" remote="20617042504" /><file name="bottom-left.png" server="entrepreneurialdesigns.com//localtrove/" local="3437173320" remote="20617042504" /><file name="bottom-middle.png" server="entrepreneurialdesigns.com//localtrove/" local="3437173320" remote="20617042504" /><file name="bottom-right.png" server="entrepreneurialdesigns.com//localtrove/" local="3437173320" remote="20617042504" /><file name="middle-left.png" server="entrepreneurialdesigns.com//localtrove/" local="3437173320" remote="20617042504" /><file name="middle-right.png" server="entrepreneurialdesigns.com//localtrove/" local="3437173320" remote="20617042504" /><file name="tail-bottom.png" server="entrepreneurialdesigns.com//localtrove/" local="3437173320" remote="20617042504" /><file name="tail-left.png" server="entrepreneurialdesigns.com//localtrove/" local="3437173320" remote="20617042504" /><file name="tail-right.png" server="entrepreneurialdesigns.com//localtrove/" local="3437173320" remote="20617042504" /><file name="tail-top.png" server="entrepreneurialdesigns.com//localtrove/" local="3437173320" remote="20617042504" /><file name="top-left.png" server="entrepreneurialdesigns.com//localtrove/" local="3437173320" remote="20617042504" /><file name="top-middle.png" server="entrepreneurialdesigns.com//localtrove/" local="3437173320" remote="20617042504" /><file name="top-right.png" server="entrepreneurialdesigns.com//localtrove/" local="3437173320" remote="20617042504" /></dwsync>