<?xml version="1.0" encoding="utf-8" ?><dwsync><file name="3d-jcb.gif" server="entrepreneurialdesigns.com//localtrove/" local="3437173320" remote="20617042504" /><file name="3d-maestro.gif" server="entrepreneurialdesigns.com//localtrove/" local="3437173320" remote="20617042504" /><file name="3d-visa.gif" server="entrepreneurialdesigns.com//localtrove/" local="3437173320" remote="20617042504" /><file name="amexpress.jpg" server="entrepreneurialdesigns.com//localtrove/" local="3437173320" remote="20617042504" /><file name="dan.jpg" server="entrepreneurialdesigns.com//localtrove/" local="3437173320" remote="20617042504" /><file name="danskebank.jpg" server="entrepreneurialdesigns.com//localtrove/" local="3437173320" remote="20617042504" /><file name="diners.jpg" server="entrepreneurialdesigns.com//localtrove/" local="3437173320" remote="20617042504" /><file name="edan.jpg" server="entrepreneurialdesigns.com//localtrove/" local="3437173320" remote="20617042504" /><file name="forbrugsforeningen.gif" server="entrepreneurialdesigns.com//localtrove/" local="3437173320" remote="20617042504" /><file name="ikano.jpg" server="entrepreneurialdesigns.com//localtrove/" local="3437173320" remote="20617042504" /><file name="jcb.jpg" server="entrepreneurialdesigns.com//localtrove/" local="3437173320" remote="20617042504" /><file name="mastercard.jpg" server="entrepreneurialdesigns.com//localtrove/" local="3437173320" remote="20617042504" /><file name="nordea.jpg" server="entrepreneurialdesigns.com//localtrove/" local="3437173320" remote="20617042504" /><file name="visa.jpg" server="entrepreneurialdesigns.com//localtrove/" local="3437173320" remote="20617042504" /><file name="visaelectron.jpg" server="entrepreneurialdesigns.com//localtrove/" local="3437173320" remote="20617042504" /></dwsync>