<?xml version="1.0" encoding="utf-8" ?><dwsync><file name="LICENSE.txt" server="entrepreneurialdesigns.com//localtrove/" local="3434146320" remote="20614015504" /><file name="README.txt" server="entrepreneurialdesigns.com//localtrove/" local="3434146320" remote="20614015504" /><file name="entity.api.php" server="entrepreneurialdesigns.com//localtrove/" local="3434146320" remote="20614015504" /><file name="entity.features.inc" server="entrepreneurialdesigns.com//localtrove/" local="3434146320" remote="20614015504" /><file name="entity.i18n.inc" server="entrepreneurialdesigns.com//localtrove/" local="3434146320" remote="20614015504" /><file name="entity.info" server="entrepreneurialdesigns.com//localtrove/" local="3434146320" remote="20614015504" /><file name="entity.info.inc" server="entrepreneurialdesigns.com//localtrove/" local="3434146320" remote="20614015504" /><file name="entity.install" server="entrepreneurialdesigns.com//localtrove/" local="3434146320" remote="20614015504" /><file name="entity.module" server="entrepreneurialdesigns.com//localtrove/" local="3434146320" remote="20614015504" /><file name="entity.rules.inc" server="entrepreneurialdesigns.com//localtrove/" local="3434146320" remote="20614015504" /><file name="entity.test" server="entrepreneurialdesigns.com//localtrove/" local="3434146320" remote="20614015504" /><file name="entity.tpl.php" server="entrepreneurialdesigns.com//localtrove/" local="3434146320" remote="20614015504" /><file name="entity_token.info" server="entrepreneurialdesigns.com//localtrove/" local="3434146320" remote="20614015504" /><file name="entity_token.module" server="entrepreneurialdesigns.com//localtrove/" local="3434146320" remote="20614015504" /><file name="entity_token.tokens.inc" server="entrepreneurialdesigns.com//localtrove/" local="3434146320" remote="20614015504" /></dwsync>