<?xml version="1.0" encoding="utf-8" ?><dwsync><file name="1.gif" server="entrepreneurialdesigns.com//localtrove/" local="3437173320" remote="20617042504" /><file name="2.gif" server="entrepreneurialdesigns.com//localtrove/" local="3437173320" remote="20617042504" /><file name="3.gif" server="entrepreneurialdesigns.com//localtrove/" local="3437173320" remote="20617042504" /><file name="4.gif" server="entrepreneurialdesigns.com//localtrove/" local="3437173320" remote="20617042504" /><file name="5.gif" server="entrepreneurialdesigns.com//localtrove/" local="3437173320" remote="20617042504" /><file name="6.gif" server="entrepreneurialdesigns.com//localtrove/" local="3437173320" remote="20617042504" /><file name="7.gif" server="entrepreneurialdesigns.com//localtrove/" local="3437173320" remote="20617042504" /><file name="8.gif" server="entrepreneurialdesigns.com//localtrove/" local="3437173320" remote="20617042504" /><file name="tail.gif" server="entrepreneurialdesigns.com//localtrove/" local="3437173320" remote="20617042504" /></dwsync>