<?xml version="1.0" encoding="utf-8" ?><dwsync><file name="bottom-left.gif" server="entrepreneurialdesigns.com//localtrove/" local="3437173320" remote="20617042504" /><file name="bottom-middle.gif" server="entrepreneurialdesigns.com//localtrove/" local="3437173320" remote="20617042504" /><file name="bottom-right.gif" server="entrepreneurialdesigns.com//localtrove/" local="3437173320" remote="20617042504" /><file name="middle-left.gif" server="entrepreneurialdesigns.com//localtrove/" local="3437173320" remote="20617042504" /><file name="middle-right.gif" server="entrepreneurialdesigns.com//localtrove/" local="3437173320" remote="20617042504" /><file name="tail-bottom.gif" server="entrepreneurialdesigns.com//localtrove/" local="3437173320" remote="20617042504" /><file name="tail-left.gif" server="entrepreneurialdesigns.com//localtrove/" local="3437173320" remote="20617042504" /><file name="tail-right.gif" server="entrepreneurialdesigns.com//localtrove/" local="3437173320" remote="20617042504" /><file name="tail-top.gif" server="entrepreneurialdesigns.com//localtrove/" local="3437173320" remote="20617042504" /><file name="top-left.gif" server="entrepreneurialdesigns.com//localtrove/" local="3437173320" remote="20617042504" /><file name="top-middle.gif" server="entrepreneurialdesigns.com//localtrove/" local="3437173320" remote="20617042504" /><file name="top-right.gif" server="entrepreneurialdesigns.com//localtrove/" local="3437173320" remote="20617042504" /></dwsync>