<?xml version="1.0" encoding="utf-8" ?><dwsync><file name="addToCartBlack.png" server="entrepreneurialdesigns.com//localtrove/" local="3437173320" remote="20617042504" /><file name="addToCartBlue.png" server="entrepreneurialdesigns.com//localtrove/" local="3437173320" remote="20617042504" /><file name="addToCartBlueBig.png" server="entrepreneurialdesigns.com//localtrove/" local="3437173320" remote="20617042504" /><file name="addToCartGreen.png" server="entrepreneurialdesigns.com//localtrove/" local="3437173320" remote="20617042504" /><file name="addToCartOrange.png" server="entrepreneurialdesigns.com//localtrove/" local="3437173320" remote="20617042504" /><file name="addToCartRed.png" server="entrepreneurialdesigns.com//localtrove/" local="3437173320" remote="20617042504" /><file name="addToCartYellow.png" server="entrepreneurialdesigns.com//localtrove/" local="3437173320" remote="20617042504" /><file name="buyNowBlack.png" server="entrepreneurialdesigns.com//localtrove/" local="3437173320" remote="20617042504" /><file name="buyNowBlue.png" server="entrepreneurialdesigns.com//localtrove/" local="3437173320" remote="20617042504" /><file name="buyNowBlueBig.png" server="entrepreneurialdesigns.com//localtrove/" local="3437173320" remote="20617042504" /><file name="buyNowGreen.png" server="entrepreneurialdesigns.com//localtrove/" local="3437173320" remote="20617042504" /><file name="buyNowOrange.png" server="entrepreneurialdesigns.com//localtrove/" local="3437173320" remote="20617042504" /><file name="buyNowRed.png" server="entrepreneurialdesigns.com//localtrove/" local="3437173320" remote="20617042504" /><file name="buyNowYellow.png" server="entrepreneurialdesigns.com//localtrove/" local="3437173320" remote="20617042504" /></dwsync>