<?xml version="1.0" encoding="utf-8" ?><dwsync><file name="EULA.txt" server="entrepreneurialdesigns.com//localtrove/" local="3437173320" remote="20617042504" /><file name="LICENSE.txt" server="entrepreneurialdesigns.com//localtrove/" local="3437173320" remote="20617042504" /><file name="README.txt" server="entrepreneurialdesigns.com//localtrove/" local="3437173320" remote="20617042504" /><file name="ms_core.admin.inc" server="entrepreneurialdesigns.com//localtrove/" local="3437173320" remote="20617042504" /><file name="ms_core.classes.php" server="entrepreneurialdesigns.com//localtrove/" local="3437173320" remote="20617042504" /><file name="ms_core.css" server="entrepreneurialdesigns.com//localtrove/" local="3437173320" remote="20617042504" /><file name="ms_core.forms.inc" server="entrepreneurialdesigns.com//localtrove/" local="3437173320" remote="20617042504" /><file name="ms_core.info" server="entrepreneurialdesigns.com//localtrove/" local="3437173320" remote="20617042504" /><file name="ms_core.install" server="entrepreneurialdesigns.com//localtrove/" local="3437173320" remote="20617042504" /><file name="ms_core.module" server="entrepreneurialdesigns.com//localtrove/" local="3437173320" remote="20617042504" /><file name="ms_core.pages.inc" server="entrepreneurialdesigns.com//localtrove/" local="3437173320" remote="20617042504" /><file name="ms_core.recurring.inc" server="entrepreneurialdesigns.com//localtrove/" local="3437173320" remote="20617042504" /><file name="ms_core.rules.inc" server="entrepreneurialdesigns.com//localtrove/" local="3437173320" remote="20617042504" /><file name="ms_core.test" server="entrepreneurialdesigns.com//localtrove/" local="3437173320" remote="20617042504" /><file name="ms_core_insert_countries.sql" server="entrepreneurialdesigns.com//localtrove/" local="3437173320" remote="20617042504" /><file name="ms_core.api.php" server="entrepreneurialdesigns.com//localtrove/" local="3437173320" remote="20617042504" /></dwsync>