<?xml version="1.0" encoding="utf-8" ?><dwsync><file name="book.info.inc" server="entrepreneurialdesigns.com//localtrove/" local="3434146320" remote="20614015504" /><file name="callbacks.inc" server="entrepreneurialdesigns.com//localtrove/" local="3434146320" remote="20614015504" /><file name="comment.info.inc" server="entrepreneurialdesigns.com//localtrove/" local="3434146320" remote="20614015504" /><file name="field.info.inc" server="entrepreneurialdesigns.com//localtrove/" local="3434146320" remote="20614015504" /><file name="locale.info.inc" server="entrepreneurialdesigns.com//localtrove/" local="3434146320" remote="20614015504" /><file name="node.info.inc" server="entrepreneurialdesigns.com//localtrove/" local="3434146320" remote="20614015504" /><file name="poll.info.inc" server="entrepreneurialdesigns.com//localtrove/" local="3434146320" remote="20614015504" /><file name="statistics.info.inc" server="entrepreneurialdesigns.com//localtrove/" local="3434146320" remote="20614015504" /><file name="system.info.inc" server="entrepreneurialdesigns.com//localtrove/" local="3434146320" remote="20614015504" /><file name="taxonomy.info.inc" server="entrepreneurialdesigns.com//localtrove/" local="3434146320" remote="20614015504" /><file name="user.info.inc" server="entrepreneurialdesigns.com//localtrove/" local="3434146320" remote="20614015504" /></dwsync>