<?xml version="1.0" encoding="utf-8" ?><dwsync><file name="ajax-bar-loader.gif" server="entrepreneurialdesigns.com//localtrove/" local="3437173320" remote="20617042504" /><file name="ajax-loader.gif" server="entrepreneurialdesigns.com//localtrove/" local="3437173320" remote="20617042504" /><file name="amex.gif" server="entrepreneurialdesigns.com//localtrove/" local="3437173320" remote="20617042504" /><file name="amex_cvv.jpg" server="entrepreneurialdesigns.com//localtrove/" local="3437173320" remote="20617042504" /><file name="bank.gif" server="entrepreneurialdesigns.com//localtrove/" local="3437173320" remote="20617042504" /><file name="check.gif" server="entrepreneurialdesigns.com//localtrove/" local="3437173320" remote="20617042504" /><file name="diners.gif" server="entrepreneurialdesigns.com//localtrove/" local="3437173320" remote="20617042504" /><file name="discover.gif" server="entrepreneurialdesigns.com//localtrove/" local="3437173320" remote="20617042504" /><file name="echeck.gif" server="entrepreneurialdesigns.com//localtrove/" local="3437173320" remote="20617042504" /><file name="electron.gif" server="entrepreneurialdesigns.com//localtrove/" local="3437173320" remote="20617042504" /><file name="elv.gif" server="entrepreneurialdesigns.com//localtrove/" local="3437173320" remote="20617042504" /><file name="jcb.gif" server="entrepreneurialdesigns.com//localtrove/" local="3437173320" remote="20617042504" /><file name="laser.gif" server="entrepreneurialdesigns.com//localtrove/" local="3437173320" remote="20617042504" /><file name="maestro.gif" server="entrepreneurialdesigns.com//localtrove/" local="3437173320" remote="20617042504" /><file name="mastercard.gif" server="entrepreneurialdesigns.com//localtrove/" local="3437173320" remote="20617042504" /><file name="mc.gif" server="entrepreneurialdesigns.com//localtrove/" local="3437173320" remote="20617042504" /><file name="money_order.gif" server="entrepreneurialdesigns.com//localtrove/" local="3437173320" remote="20617042504" /><file name="paypal.gif" server="entrepreneurialdesigns.com//localtrove/" local="3437173320" remote="20617042504" /><file name="solo.gif" server="entrepreneurialdesigns.com//localtrove/" local="3437173320" remote="20617042504" /><file name="switch.gif" server="entrepreneurialdesigns.com//localtrove/" local="3437173320" remote="20617042504" /><file name="trash_can.png" server="entrepreneurialdesigns.com//localtrove/" local="3437173320" remote="20617042504" /><file name="visa.gif" server="entrepreneurialdesigns.com//localtrove/" local="3437173320" remote="20617042504" /><file name="visa_cvv.jpg" server="entrepreneurialdesigns.com//localtrove/" local="3437173320" remote="20617042504" /><file name="worldpay.png" server="entrepreneurialdesigns.com//localtrove/" local="3437173320" remote="20617042504" /></dwsync>