<?xml version="1.0" encoding="utf-8" ?><dwsync><file name="1.png" server="entrepreneurialdesigns.com//localtrove/" local="3437173320" remote="20617042504" /><file name="2.png" server="entrepreneurialdesigns.com//localtrove/" local="3437173320" remote="20617042504" /><file name="3.png" server="entrepreneurialdesigns.com//localtrove/" local="3437173320" remote="20617042504" /><file name="4.png" server="entrepreneurialdesigns.com//localtrove/" local="3437173320" remote="20617042504" /><file name="5.png" server="entrepreneurialdesigns.com//localtrove/" local="3437173320" remote="20617042504" /><file name="6.png" server="entrepreneurialdesigns.com//localtrove/" local="3437173320" remote="20617042504" /><file name="7.png" server="entrepreneurialdesigns.com//localtrove/" local="3437173320" remote="20617042504" /><file name="8.png" server="entrepreneurialdesigns.com//localtrove/" local="3437173320" remote="20617042504" /><file name="tail.png" server="entrepreneurialdesigns.com//localtrove/" local="3437173320" remote="20617042504" /></dwsync>